Title, Artist, Album, Length
Mom, Doug Stanhope, Sicko, 6 min 9 sec
Mom, Earth Wind & Fire, Last Days and Time (Remastered), 5 min 49 sec
Jack Killed Mom, Jenny Lewis, Acid Tongue, 5 min 27 sec
Doses & Mimosas, Cherub, MoM & DaD, 5 min 23 sec
Lose Yourself, Eminem, 8 Mile (Music from and Inspired By the Motion Picture), 5 min 20 sec
My Mom, Eminem, Relapse (Deluxe Version), 5 min 19 sec
My Mom, Eminem, Relapse, 5 min 19 sec
My Mom, Eminem, Relapse: Refill, 5 min 19 sec
M.O.M. (feat. Fat Trel), Ricky Hil, Syldd, 4 min 59 sec
Mom, Highly Suspect, Mister Asylum, 4 min 58 sec
Mom, Kevin Hart, Live Comedy From the Laff House, 4 min 47 sec
Just Another Day (feat. Delores "Mom" Winans & Donnie McClurkin), Marvin Winans Delores "Mom" Winans & Donnie McClurkin, Marvin L. Winans Presents: The Praise & Worship Experience, 4 min 43 sec
You Can Finally Meet My Mom, Train, California 37, 4 min 40 sec
Mom, Donna Taggart, Mom - Single, 4 min 31 sec
Mom, Chaya Pitcher, REACH, 4 min 31 sec
Mom, Lucero, Live from Atlanta, 4 min 20 sec
Mom Returns and Finale, John Williams, Home Alone (Original Motion Picture Soundtrack) [25th Anniversary Edition], 4 min 19 sec
Tricky With Trixie, Mom Dad & Trixie, Knuffle Bunny: A Cautionary Musical, 4 min 16 sec
Mom, Beth Waters, Beth Waters, 4 min 10 sec
Mom, B. Thomas, In the Life of Garth Brooks, 4 min 2 sec
Mom, Lucero, Mom - Single, 3 min 59 sec
Mom, Lucero, 1372 Overton Park, 3 min 58 sec
Mom (Karaoke Version), Jackson Jones, Mom (A Tribute to Garth Brooks) - Single, 3 min 57 sec
Mom, Jackson Jones, Mom (A Tribute to Garth Brooks) - Single, 3 min 56 sec
Mom, Berlin, Animal, 3 min 38 sec
M.O.m., Dream Evil, The Book of Heavy Metal, 3 min 33 sec
M.O.M, Z.Tao, The Road, 3 min 29 sec
Mr. Mom, Lonestar, Let's Be Us Again, 3 min 28 sec
M.O.M (feat. J.I.D & Quentin Miller), Spillage Village, Bears Like This Too Much, 3 min 23 sec
Stacy's Mom, Fountains Of Wayne, Welcome Interstate Managers, 3 min 17 sec
Mom (feat. Kelli Trainor), Meghan Trainor, Thank You (Deluxe), 3 min 14 sec
Walkin' Dad With His Girl, Mom Dad & Trixie, Knuffle Bunny: A Cautionary Musical, 3 min 13 sec
Stacy's Mom, Bowling for Soup, I've Never Done Anything Like This - Single, 3 min 13 sec
Mom and Pops, Dane Cook, ISolated INcident (Deluxe Version), 3 min 10 sec
The Whole Sh'bang (Harvard Bass Remix), Dad & Mom, Seize the Fewcha, 3 min 4 sec
Mom, Lena Machado, The Descendants, 2 min 53 sec
Roosevelt Franklin's Alphabet, Mom & Roosevelt Franklin, Sesame Street: My Name Is Roosevelt Franklin (Featuring the Voice of Matt Robinson and Rosalind Cash), 2 min 48 sec
Mom, Mark Lowry, Mark Lowry On Broadway, 2 min 47 sec
Let Me Go Mom (Live), Mikhail Krug, 50 Greatest Hits (Big Chanson Collection), 2 min 43 sec
Mom and Pop and Paul, Lewis Black, The Carnegie Hall Performance, 2 min 21 sec
Oh Mom..., Adam Sandler, They're All Gonna Laugh at You!, 2 min 10 sec
Overture, Mom Dad & Trixie, Knuffle Bunny: A Cautionary Musical, 1 min 55 sec
Stuck Here Like Mom, Carter Burwell, Twilight (The Score), 1 min 40 sec
Mom and Pop, Lewis Black, The Carnegie Hall Performance, 1 min 25 sec
Warped Tour, Mom, 3, 1 min 22 sec
Final Scene, Mom Dad & Trixie, Knuffle Bunny: A Cautionary Musical, 1 min 20 sec
Kyle's Mom's a Bitch, South Park, South Park: Bigger Longer & Uncut (Music from and Inspired by the Motion Picture), 1 min 14 sec
I Love You Mom, Candace, Phineas and Ferb (Songs from the TV Series), 1 min 3 sec
Run Back, Mom Dad & Trixie, Knuffle Bunny: A Cautionary Musical, 0 min 23 sec
Mom, The Happy Birthday Singers, Happy Birthday, 0 min 16 sec
